bench,conn,size,depth,iters,min_us,median_us,p99_us,max_us,gbps,rep
lat_send_recv,verbs,64,64,1000,1.746,1.803,2.491,6.280,,1
lat_rdma_write,verbs,64,64,1000,1.599,1.646,1.744,7.477,,1
perftest_ib_send_lat,verbs,64,64,1000,0.83,0.86,0.89,8.29,,1
perftest_ib_write_lat,verbs,64,64,1000,0.78,0.80,0.82,8.38,,1
lat_send_recv,verbs,64,64,1000,1.688,1.755,2.441,7.903,,2
lat_rdma_write,verbs,64,64,1000,1.577,1.622,1.722,17.339,,2
perftest_ib_send_lat,verbs,64,64,1000,0.84,0.87,1.07,4.60,,2
perftest_ib_write_lat,verbs,64,64,1000,0.77,0.79,0.81,8.46,,2
lat_send_recv,verbs,64,64,1000,1.697,1.756,2.420,6.190,,3
lat_rdma_write,verbs,64,64,1000,1.600,1.627,1.725,6.386,,3
perftest_ib_send_lat,verbs,64,64,1000,0.84,0.86,0.88,8.23,,3
perftest_ib_write_lat,verbs,64,64,1000,0.77,0.79,0.81,0.83,,3
lat_send_recv,verbs,64,64,1000,1.701,1.760,2.438,4.996,,4
lat_rdma_write,verbs,64,64,1000,1.581,1.618,1.719,5.092,,4
perftest_ib_send_lat,verbs,64,64,1000,0.84,0.87,0.88,0.97,,4
perftest_ib_write_lat,verbs,64,64,1000,0.78,0.79,0.81,0.82,,4
lat_send_recv,verbs,64,64,1000,1.693,1.754,2.437,16.084,,5
lat_rdma_write,verbs,64,64,1000,1.571,1.615,1.722,5.160,,5
perftest_ib_send_lat,verbs,64,64,1000,0.84,0.86,0.88,8.39,,5
perftest_ib_write_lat,verbs,64,64,1000,0.77,0.79,0.81,0.82,,5
lat_send_recv,verbs,256,64,1000,2.339,2.400,3.070,7.409,,1
lat_rdma_write,verbs,256,64,1000,2.297,2.343,2.429,8.642,,1
perftest_ib_send_lat,verbs,256,64,1000,1.20,1.25,1.39,5.07,,1
perftest_ib_write_lat,verbs,256,64,1000,1.20,1.22,1.34,8.36,,1
lat_send_recv,verbs,256,64,1000,2.329,2.397,3.070,6.357,,2
lat_rdma_write,verbs,256,64,1000,2.318,2.351,2.434,8.183,,2
perftest_ib_send_lat,verbs,256,64,1000,1.21,1.25,1.38,5.41,,2
perftest_ib_write_lat,verbs,256,64,1000,1.20,1.21,1.34,4.12,,2
lat_send_recv,verbs,256,64,1000,2.337,2.403,3.071,5.755,,3
lat_rdma_write,verbs,256,64,1000,2.312,2.357,2.456,17.707,,3
perftest_ib_send_lat,verbs,256,64,1000,1.20,1.24,1.36,9.33,,3
perftest_ib_write_lat,verbs,256,64,1000,1.19,1.21,1.33,1.87,,3
lat_send_recv,verbs,256,64,1000,2.345,2.399,3.072,7.184,,4
lat_rdma_write,verbs,256,64,1000,2.290,2.347,2.428,17.829,,4
perftest_ib_send_lat,verbs,256,64,1000,1.15,1.20,1.22,1.29,,4
perftest_ib_write_lat,verbs,256,64,1000,1.19,1.21,1.34,3.54,,4
lat_send_recv,verbs,256,64,1000,2.347,2.414,3.106,6.519,,5
lat_rdma_write,verbs,256,64,1000,2.317,2.355,2.417,6.089,,5
perftest_ib_send_lat,verbs,256,64,1000,1.21,1.24,1.36,1.38,,5
perftest_ib_write_lat,verbs,256,64,1000,1.19,1.20,1.33,8.31,,5
lat_send_recv,verbs,1024,64,1000,2.699,2.762,3.433,17.020,,1
lat_rdma_write,verbs,1024,64,1000,2.678,2.727,2.818,7.383,,1
perftest_ib_send_lat,verbs,1024,64,1000,1.39,1.43,1.56,1.62,,1
perftest_ib_write_lat,verbs,1024,64,1000,1.39,1.41,1.50,1.51,,1
lat_send_recv,verbs,1024,64,1000,2.686,2.756,3.420,17.338,,2
lat_rdma_write,verbs,1024,64,1000,2.701,2.746,2.827,6.466,,2
perftest_ib_send_lat,verbs,1024,64,1000,1.39,1.43,1.58,9.33,,2
perftest_ib_write_lat,verbs,1024,64,1000,1.38,1.40,1.55,1.57,,2
lat_send_recv,verbs,1024,64,1000,2.695,2.760,3.433,16.919,,3
lat_rdma_write,verbs,1024,64,1000,2.677,2.726,2.842,18.284,,3
perftest_ib_send_lat,verbs,1024,64,1000,1.39,1.43,1.55,1.60,,3
perftest_ib_write_lat,verbs,1024,64,1000,1.39,1.41,1.51,8.61,,3
lat_send_recv,verbs,1024,64,1000,2.695,2.759,3.434,18.803,,4
lat_rdma_write,verbs,1024,64,1000,2.677,2.722,2.798,7.459,,4
perftest_ib_send_lat,verbs,1024,64,1000,1.38,1.43,1.56,9.21,,4
perftest_ib_write_lat,verbs,1024,64,1000,1.37,1.41,1.51,8.67,,4
lat_send_recv,verbs,1024,64,1000,2.700,2.763,3.425,6.469,,5
lat_rdma_write,verbs,1024,64,1000,2.680,2.731,2.811,15.357,,5
perftest_ib_send_lat,verbs,1024,64,1000,1.40,1.43,1.56,9.46,,5
perftest_ib_write_lat,verbs,1024,64,1000,1.35,1.38,1.48,8.44,,5
lat_send_recv,verbs,4096,64,1000,3.481,3.548,5.481,18.681,,1
lat_rdma_write,verbs,4096,64,1000,3.440,3.505,3.632,19.705,,1
perftest_ib_send_lat,verbs,4096,64,1000,1.78,1.82,1.98,9.90,,1
perftest_ib_write_lat,verbs,4096,64,1000,1.76,1.80,1.93,9.05,,1
lat_send_recv,verbs,4096,64,1000,3.457,3.542,5.479,10.561,,2
lat_rdma_write,verbs,4096,64,1000,3.449,3.521,3.602,7.844,,2
perftest_ib_send_lat,verbs,4096,64,1000,1.80,1.84,2.05,9.01,,2
perftest_ib_write_lat,verbs,4096,64,1000,1.76,1.80,1.90,8.75,,2
lat_send_recv,verbs,4096,64,1000,3.454,3.547,5.501,17.840,,3
lat_rdma_write,verbs,4096,64,1000,3.456,3.518,3.611,7.852,,3
perftest_ib_send_lat,verbs,4096,64,1000,1.77,1.82,1.94,9.04,,3
perftest_ib_write_lat,verbs,4096,64,1000,1.77,1.80,1.89,9.38,,3
lat_send_recv,verbs,4096,64,1000,3.453,3.546,5.485,8.848,,4
lat_rdma_write,verbs,4096,64,1000,3.447,3.516,3.605,8.375,,4
perftest_ib_send_lat,verbs,4096,64,1000,1.80,1.84,1.96,6.71,,4
perftest_ib_write_lat,verbs,4096,64,1000,1.76,1.79,1.91,9.33,,4
lat_send_recv,verbs,4096,64,1000,3.469,3.543,5.472,9.761,,5
lat_rdma_write,verbs,4096,64,1000,3.458,3.527,3.618,9.251,,5
perftest_ib_send_lat,verbs,4096,64,1000,1.78,1.83,1.97,5.78,,5
perftest_ib_write_lat,verbs,4096,64,1000,1.76,1.80,1.89,8.54,,5
lat_send_recv,verbs,16384,64,1000,5.612,5.685,7.594,9.831,,1
lat_rdma_write,verbs,16384,64,1000,5.582,5.644,6.173,17.032,,1
perftest_ib_send_lat,verbs,16384,64,1000,2.85,2.90,3.33,10.06,,1
perftest_ib_write_lat,verbs,16384,64,1000,2.85,2.88,3.27,3.62,,1
lat_send_recv,verbs,16384,64,1000,5.602,5.678,7.572,10.004,,2
lat_rdma_write,verbs,16384,64,1000,5.595,5.648,6.158,21.575,,2
perftest_ib_send_lat,verbs,16384,64,1000,2.87,2.90,3.31,10.27,,2
perftest_ib_write_lat,verbs,16384,64,1000,2.84,2.87,3.31,10.07,,2
lat_send_recv,verbs,16384,64,1000,5.614,5.674,7.628,20.407,,3
lat_rdma_write,verbs,16384,64,1000,5.592,5.642,6.186,22.594,,3
perftest_ib_send_lat,verbs,16384,64,1000,2.85,2.90,3.30,9.27,,3
perftest_ib_write_lat,verbs,16384,64,1000,2.85,2.88,3.26,9.12,,3
lat_send_recv,verbs,16384,64,1000,5.615,5.691,7.614,21.428,,4
lat_rdma_write,verbs,16384,64,1000,5.587,5.647,6.158,10.658,,4
perftest_ib_send_lat,verbs,16384,64,1000,2.84,2.90,3.28,8.69,,4
perftest_ib_write_lat,verbs,16384,64,1000,2.84,2.86,3.24,10.69,,4
lat_send_recv,verbs,16384,64,1000,5.617,5.692,7.593,10.208,,5
lat_rdma_write,verbs,16384,64,1000,5.580,5.638,6.174,22.525,,5
perftest_ib_send_lat,verbs,16384,64,1000,2.85,2.90,3.28,9.32,,5
perftest_ib_write_lat,verbs,16384,64,1000,2.84,2.87,3.25,9.97,,5
lat_send_recv,verbs,65536,64,1000,16.684,16.917,19.371,31.432,,1
lat_rdma_write,verbs,65536,64,1000,16.581,16.764,17.902,32.369,,1
perftest_ib_send_lat,verbs,65536,64,1000,8.47,8.80,9.39,14.72,,1
perftest_ib_write_lat,verbs,65536,64,1000,8.41,8.64,9.41,15.32,,1
lat_send_recv,verbs,65536,64,1000,16.694,17.070,19.325,34.963,,2
lat_rdma_write,verbs,65536,64,1000,16.534,16.783,21.415,32.549,,2
perftest_ib_send_lat,verbs,65536,64,1000,8.47,8.79,9.47,15.68,,2
perftest_ib_write_lat,verbs,65536,64,1000,8.39,8.65,12.82,15.75,,2
lat_send_recv,verbs,65536,64,1000,16.702,17.075,19.416,33.523,,3
lat_rdma_write,verbs,65536,64,1000,16.615,16.785,17.871,37.150,,3
perftest_ib_send_lat,verbs,65536,64,1000,8.46,8.68,9.30,15.80,,3
perftest_ib_write_lat,verbs,65536,64,1000,8.35,8.59,9.35,11.13,,3
lat_send_recv,verbs,65536,64,1000,16.696,16.958,19.419,31.699,,4
lat_rdma_write,verbs,65536,64,1000,16.563,16.777,17.869,35.170,,4
perftest_ib_send_lat,verbs,65536,64,1000,8.44,8.67,9.34,16.71,,4
perftest_ib_write_lat,verbs,65536,64,1000,8.37,8.53,9.26,16.09,,4
lat_send_recv,verbs,65536,64,1000,16.665,17.264,23.051,40.284,,5
lat_rdma_write,verbs,65536,64,1000,16.606,16.797,17.879,36.585,,5
perftest_ib_send_lat,verbs,65536,64,1000,8.44,8.70,12.04,15.92,,5
perftest_ib_write_lat,verbs,65536,64,1000,8.33,8.57,9.46,16.30,,5
lat_send_recv,verbs,262144,64,1000,52.754,52.870,54.767,69.725,,1
lat_rdma_write,verbs,262144,64,1000,52.704,53.096,61.481,68.023,,1
perftest_ib_send_lat,verbs,262144,64,1000,26.51,26.75,31.08,34.16,,1
perftest_ib_write_lat,verbs,262144,64,1000,26.45,26.57,32.77,33.62,,1
lat_send_recv,verbs,262144,64,1000,52.737,52.859,57.550,70.833,,2
lat_rdma_write,verbs,262144,64,1000,52.685,52.788,64.960,68.091,,2
perftest_ib_send_lat,verbs,262144,64,1000,26.37,26.45,32.63,34.25,,2
perftest_ib_write_lat,verbs,262144,64,1000,26.42,26.56,32.56,34.27,,2
lat_send_recv,verbs,262144,64,1000,52.762,52.877,57.367,69.917,,3
lat_rdma_write,verbs,262144,64,1000,52.673,52.773,64.641,69.046,,3
perftest_ib_send_lat,verbs,262144,64,1000,26.40,26.63,28.34,33.97,,3
perftest_ib_write_lat,verbs,262144,64,1000,26.43,26.56,32.25,34.03,,3
lat_send_recv,verbs,262144,64,1000,52.723,52.874,55.051,65.807,,4
lat_rdma_write,verbs,262144,64,1000,52.643,52.769,64.573,67.336,,4
perftest_ib_send_lat,verbs,262144,64,1000,26.50,26.70,30.53,34.11,,4
perftest_ib_write_lat,verbs,262144,64,1000,26.40,26.57,32.27,33.97,,4
lat_send_recv,verbs,262144,64,1000,52.754,52.876,54.732,70.007,,5
lat_rdma_write,verbs,262144,64,1000,52.735,52.831,65.735,67.997,,5
perftest_ib_send_lat,verbs,262144,64,1000,26.39,26.58,29.89,34.46,,5
perftest_ib_write_lat,verbs,262144,64,1000,26.47,26.66,31.48,33.77,,5
lat_send_recv,verbs,1048576,64,1000,188.682,188.869,191.153,202.612,,1
lat_rdma_write,verbs,1048576,64,1000,188.351,189.291,200.748,204.449,,1
perftest_ib_send_lat,verbs,1048576,64,1000,94.55,95.04,99.62,101.86,,1
perftest_ib_write_lat,verbs,1048576,64,1000,94.52,95.00,100.54,101.76,,1
lat_send_recv,verbs,1048576,64,1000,188.677,188.899,193.197,206.515,,2
lat_rdma_write,verbs,1048576,64,1000,188.458,188.959,200.837,203.383,,2
perftest_ib_send_lat,verbs,1048576,64,1000,94.53,95.20,97.99,101.60,,2
perftest_ib_write_lat,verbs,1048576,64,1000,94.49,94.97,100.34,101.30,,2
lat_send_recv,verbs,1048576,64,1000,188.673,188.920,194.799,204.915,,3
lat_rdma_write,verbs,1048576,64,1000,188.356,188.961,202.472,209.114,,3
perftest_ib_send_lat,verbs,1048576,64,1000,94.63,95.28,96.10,100.54,,3
perftest_ib_write_lat,verbs,1048576,64,1000,94.31,94.75,100.82,101.90,,3
lat_send_recv,verbs,1048576,64,1000,188.636,188.830,198.768,220.621,,4
lat_rdma_write,verbs,1048576,64,1000,188.674,189.621,200.146,204.437,,4
perftest_ib_send_lat,verbs,1048576,64,1000,94.59,95.12,99.04,100.78,,4
perftest_ib_write_lat,verbs,1048576,64,1000,94.38,94.73,101.18,102.62,,4
lat_send_recv,verbs,1048576,64,1000,188.661,189.076,193.093,206.496,,5
lat_rdma_write,verbs,1048576,64,1000,188.457,189.154,201.927,204.951,,5
perftest_ib_send_lat,verbs,1048576,64,1000,94.48,94.82,99.91,101.42,,5
perftest_ib_write_lat,verbs,1048576,64,1000,94.60,94.99,99.78,102.28,,5
lat_send_recv,verbs,4096,1,1000,5.306,7.055,7.311,12.148,,1
lat_rdma_write,verbs,4096,1,1000,3.459,3.526,3.620,16.799,,1
perftest_ib_send_lat,verbs,4096,1,1000,1.80,3.68,3.86,9.21,,1
lat_send_recv,verbs,4096,1,1000,5.331,7.139,7.320,20.790,,2
lat_rdma_write,verbs,4096,1,1000,3.449,3.512,3.602,6.578,,2
perftest_ib_send_lat,verbs,4096,1,1000,1.82,3.68,3.91,6.08,,2
lat_send_recv,verbs,4096,1,1000,5.319,7.112,7.312,20.821,,3
lat_rdma_write,verbs,4096,1,1000,3.452,3.552,3.917,9.076,,3
perftest_ib_send_lat,verbs,4096,1,1000,1.81,3.69,3.88,8.85,,3
lat_send_recv,verbs,4096,1,1000,5.284,5.764,7.320,10.626,,4
lat_rdma_write,verbs,4096,1,1000,3.446,3.507,3.611,22.370,,4
perftest_ib_send_lat,verbs,4096,1,1000,1.80,3.65,3.84,11.42,,4
lat_send_recv,verbs,4096,1,1000,5.306,7.111,7.297,10.946,,5
lat_rdma_write,verbs,4096,1,1000,3.432,3.528,3.624,18.890,,5
perftest_ib_send_lat,verbs,4096,1,1000,1.81,3.64,3.83,10.83,,5
lat_send_recv,verbs,4096,2,1000,3.485,5.371,7.252,11.507,,1
lat_rdma_write,verbs,4096,2,1000,3.462,3.527,3.643,9.307,,1
perftest_ib_send_lat,verbs,4096,2,1000,1.81,3.66,3.86,9.22,,1
lat_send_recv,verbs,4096,2,1000,3.486,5.376,7.263,10.967,,2
lat_rdma_write,verbs,4096,2,1000,3.434,3.511,3.630,7.770,,2
perftest_ib_send_lat,verbs,4096,2,1000,1.80,3.68,3.87,8.27,,2
lat_send_recv,verbs,4096,2,1000,3.491,5.361,7.255,11.967,,3
lat_rdma_write,verbs,4096,2,1000,3.468,3.523,3.623,17.899,,3
perftest_ib_send_lat,verbs,4096,2,1000,1.82,2.02,3.91,11.41,,3
lat_send_recv,verbs,4096,2,1000,3.489,5.366,7.269,15.157,,4
lat_rdma_write,verbs,4096,2,1000,3.435,3.518,3.604,17.680,,4
perftest_ib_send_lat,verbs,4096,2,1000,1.81,3.68,3.88,10.17,,4
lat_send_recv,verbs,4096,2,1000,3.504,5.374,7.271,9.247,,5
lat_rdma_write,verbs,4096,2,1000,3.452,3.511,3.593,8.149,,5
perftest_ib_send_lat,verbs,4096,2,1000,1.80,3.64,3.86,6.22,,5
lat_send_recv,verbs,4096,4,1000,3.484,3.993,7.230,18.242,,1
lat_rdma_write,verbs,4096,4,1000,3.460,3.523,3.602,8.410,,1
perftest_ib_send_lat,verbs,4096,4,1000,1.81,1.84,2.09,8.52,,1
lat_send_recv,verbs,4096,4,1000,3.471,3.983,7.246,20.061,,2
lat_rdma_write,verbs,4096,4,1000,3.446,3.519,3.619,7.750,,2
perftest_ib_send_lat,verbs,4096,4,1000,1.81,1.84,2.11,9.80,,2
lat_send_recv,verbs,4096,4,1000,3.488,3.989,7.228,11.339,,3
lat_rdma_write,verbs,4096,4,1000,3.434,3.506,3.597,18.743,,3
perftest_ib_send_lat,verbs,4096,4,1000,1.79,1.84,2.10,9.11,,3
lat_send_recv,verbs,4096,4,1000,3.459,3.990,7.255,7.464,,4
lat_rdma_write,verbs,4096,4,1000,3.431,3.514,3.659,16.722,,4
perftest_ib_send_lat,verbs,4096,4,1000,1.79,1.84,2.11,3.33,,4
lat_send_recv,verbs,4096,4,1000,3.488,3.991,7.257,21.454,,5
lat_rdma_write,verbs,4096,4,1000,3.459,3.522,3.603,16.536,,5
perftest_ib_send_lat,verbs,4096,4,1000,1.83,1.86,2.12,9.52,,5
lat_send_recv,verbs,4096,8,1000,3.487,3.560,7.213,12.766,,1
lat_rdma_write,verbs,4096,8,1000,3.430,3.513,3.602,14.490,,1
perftest_ib_send_lat,verbs,4096,8,1000,1.79,1.83,2.08,8.88,,1
lat_send_recv,verbs,4096,8,1000,3.473,3.551,7.225,19.363,,2
lat_rdma_write,verbs,4096,8,1000,3.442,3.517,3.596,8.705,,2
perftest_ib_send_lat,verbs,4096,8,1000,1.79,1.83,2.01,9.02,,2
lat_send_recv,verbs,4096,8,1000,3.460,3.559,7.213,8.649,,3
lat_rdma_write,verbs,4096,8,1000,3.468,3.526,3.612,17.240,,3
perftest_ib_send_lat,verbs,4096,8,1000,1.80,1.83,2.06,3.92,,3
lat_send_recv,verbs,4096,8,1000,3.470,3.566,7.245,7.863,,4
lat_rdma_write,verbs,4096,8,1000,3.436,3.527,3.607,7.290,,4
perftest_ib_send_lat,verbs,4096,8,1000,1.75,1.78,2.03,9.77,,4
lat_send_recv,verbs,4096,8,1000,3.471,3.559,7.226,8.425,,5
lat_rdma_write,verbs,4096,8,1000,3.471,3.528,3.626,9.084,,5
perftest_ib_send_lat,verbs,4096,8,1000,1.79,1.84,1.99,8.66,,5
lat_send_recv,verbs,4096,16,1000,3.478,3.547,5.754,19.543,,1
lat_rdma_write,verbs,4096,16,1000,3.428,3.503,3.625,16.878,,1
perftest_ib_send_lat,verbs,4096,16,1000,1.78,1.83,1.99,8.56,,1
lat_send_recv,verbs,4096,16,1000,3.471,3.549,5.693,18.577,,2
lat_rdma_write,verbs,4096,16,1000,3.441,3.515,3.605,16.400,,2
perftest_ib_send_lat,verbs,4096,16,1000,1.78,1.83,1.97,9.29,,2
lat_send_recv,verbs,4096,16,1000,3.477,3.548,5.512,16.872,,3
lat_rdma_write,verbs,4096,16,1000,3.449,3.521,3.617,6.837,,3
perftest_ib_send_lat,verbs,4096,16,1000,1.80,1.84,1.97,8.42,,3
lat_send_recv,verbs,4096,16,1000,3.472,3.549,5.715,18.945,,4
lat_rdma_write,verbs,4096,16,1000,3.456,3.526,3.603,7.068,,4
perftest_ib_send_lat,verbs,4096,16,1000,1.80,1.84,1.98,9.13,,4
lat_send_recv,verbs,4096,16,1000,3.474,3.547,5.521,7.778,,5
lat_rdma_write,verbs,4096,16,1000,3.440,3.511,3.619,8.314,,5
perftest_ib_send_lat,verbs,4096,16,1000,1.72,1.76,1.80,8.54,,5
lat_send_recv,verbs,4096,32,1000,3.472,3.547,5.523,7.315,,1
lat_rdma_write,verbs,4096,32,1000,3.457,3.527,3.615,8.012,,1
perftest_ib_send_lat,verbs,4096,32,1000,1.77,1.83,1.97,8.86,,1
lat_send_recv,verbs,4096,32,1000,3.476,3.546,5.526,8.440,,2
lat_rdma_write,verbs,4096,32,1000,3.442,3.516,3.603,7.255,,2
perftest_ib_send_lat,verbs,4096,32,1000,1.79,1.83,1.96,9.63,,2
lat_send_recv,verbs,4096,32,1000,3.477,3.545,5.489,8.220,,3
lat_rdma_write,verbs,4096,32,1000,3.445,3.519,3.592,8.371,,3
perftest_ib_send_lat,verbs,4096,32,1000,1.77,1.80,1.93,8.59,,3
lat_send_recv,verbs,4096,32,1000,3.474,3.543,5.510,16.601,,4
lat_rdma_write,verbs,4096,32,1000,3.449,3.517,3.595,7.793,,4
perftest_ib_send_lat,verbs,4096,32,1000,1.80,1.84,1.98,9.32,,4
lat_send_recv,verbs,4096,32,1000,3.452,3.543,5.498,7.275,,5
lat_rdma_write,verbs,4096,32,1000,3.470,3.526,3.613,18.544,,5
perftest_ib_send_lat,verbs,4096,32,1000,1.79,1.83,1.97,9.13,,5
lat_send_recv,verbs,4096,64,1000,3.482,3.546,5.475,6.804,,1
lat_rdma_write,verbs,4096,64,1000,3.446,3.522,3.607,7.234,,1
perftest_ib_send_lat,verbs,4096,64,1000,1.79,1.83,1.97,6.11,,1
lat_send_recv,verbs,4096,64,1000,3.475,3.539,5.486,8.222,,2
lat_rdma_write,verbs,4096,64,1000,3.457,3.523,3.610,7.166,,2
perftest_ib_send_lat,verbs,4096,64,1000,1.79,1.83,1.96,9.36,,2
lat_send_recv,verbs,4096,64,1000,3.481,3.547,5.491,7.569,,3
lat_rdma_write,verbs,4096,64,1000,3.453,3.566,3.867,9.846,,3
perftest_ib_send_lat,verbs,4096,64,1000,1.79,1.83,1.95,8.74,,3
lat_send_recv,verbs,4096,64,1000,3.466,3.546,5.490,18.334,,4
lat_rdma_write,verbs,4096,64,1000,3.466,3.527,3.617,18.314,,4
perftest_ib_send_lat,verbs,4096,64,1000,1.79,1.83,1.98,8.30,,4
lat_send_recv,verbs,4096,64,1000,3.466,3.546,5.493,9.442,,5
lat_rdma_write,verbs,4096,64,1000,3.427,3.507,3.608,17.755,,5
perftest_ib_send_lat,verbs,4096,64,1000,1.77,1.83,1.97,8.17,,5
bw_rdma_write,verbs,1024,64,262144,,,,,62.439,1
perftest_ib_write_bw,verbs,1024,64,262144,,,,,54.75,1
bw_rdma_write,verbs,1024,64,262144,,,,,62.440,2
perftest_ib_write_bw,verbs,1024,64,262144,,,,,53.28,2
bw_rdma_write,verbs,1024,64,262144,,,,,63.378,3
perftest_ib_write_bw,verbs,1024,64,262144,,,,,52.23,3
bw_rdma_write,verbs,1024,64,262144,,,,,62.923,4
perftest_ib_write_bw,verbs,1024,64,262144,,,,,53.78,4
bw_rdma_write,verbs,1024,64,262144,,,,,62.890,5
perftest_ib_write_bw,verbs,1024,64,262144,,,,,53.63,5
bw_rdma_write,verbs,4096,64,65536,,,,,92.216,1
perftest_ib_write_bw,verbs,4096,64,65536,,,,,77.56,1
bw_rdma_write,verbs,4096,64,65536,,,,,92.164,2
perftest_ib_write_bw,verbs,4096,64,65536,,,,,78.01,2
bw_rdma_write,verbs,4096,64,65536,,,,,92.216,3
perftest_ib_write_bw,verbs,4096,64,65536,,,,,77.95,3
bw_rdma_write,verbs,4096,64,65536,,,,,92.216,4
perftest_ib_write_bw,verbs,4096,64,65536,,,,,77.99,4
bw_rdma_write,verbs,4096,64,65536,,,,,92.152,5
perftest_ib_write_bw,verbs,4096,64,65536,,,,,78.01,5
bw_rdma_write,verbs,16384,64,16384,,,,,92.374,1
perftest_ib_write_bw,verbs,16384,64,16384,,,,,92.44,1
bw_rdma_write,verbs,16384,64,16384,,,,,92.379,2
perftest_ib_write_bw,verbs,16384,64,16384,,,,,92.48,2
bw_rdma_write,verbs,16384,64,16384,,,,,92.373,3
perftest_ib_write_bw,verbs,16384,64,16384,,,,,92.47,3
bw_rdma_write,verbs,16384,64,16384,,,,,92.318,4
perftest_ib_write_bw,verbs,16384,64,16384,,,,,92.44,4
bw_rdma_write,verbs,16384,64,16384,,,,,92.307,5
perftest_ib_write_bw,verbs,16384,64,16384,,,,,92.47,5
bw_rdma_write,verbs,65536,64,4096,,,,,92.105,1
perftest_ib_write_bw,verbs,65536,64,4096,,,,,92.54,1
bw_rdma_write,verbs,65536,64,4096,,,,,91.753,2
perftest_ib_write_bw,verbs,65536,64,4096,,,,,92.54,2
bw_rdma_write,verbs,65536,64,4096,,,,,91.983,3
perftest_ib_write_bw,verbs,65536,64,4096,,,,,92.51,3
bw_rdma_write,verbs,65536,64,4096,,,,,92.017,4
perftest_ib_write_bw,verbs,65536,64,4096,,,,,92.54,4
bw_rdma_write,verbs,65536,64,4096,,,,,91.987,5
perftest_ib_write_bw,verbs,65536,64,4096,,,,,92.54,5
bw_rdma_write,verbs,262144,64,1024,,,,,90.744,1
perftest_ib_write_bw,verbs,262144,64,1024,,,,,92.56,1
bw_rdma_write,verbs,262144,64,1024,,,,,90.791,2
perftest_ib_write_bw,verbs,262144,64,1024,,,,,92.56,2
bw_rdma_write,verbs,262144,64,1024,,,,,90.686,3
perftest_ib_write_bw,verbs,262144,64,1024,,,,,92.56,3
bw_rdma_write,verbs,262144,64,1024,,,,,90.768,4
perftest_ib_write_bw,verbs,262144,64,1024,,,,,92.56,4
bw_rdma_write,verbs,262144,64,1024,,,,,90.728,5
perftest_ib_write_bw,verbs,262144,64,1024,,,,,92.56,5
bw_rdma_write,verbs,1048576,64,1000,,,,,90.764,1
perftest_ib_write_bw,verbs,1048576,64,1000,,,,,92.58,1
bw_rdma_write,verbs,1048576,64,1000,,,,,90.739,2
perftest_ib_write_bw,verbs,1048576,64,1000,,,,,92.58,2
bw_rdma_write,verbs,1048576,64,1000,,,,,90.765,3
perftest_ib_write_bw,verbs,1048576,64,1000,,,,,92.58,3
bw_rdma_write,verbs,1048576,64,1000,,,,,90.754,4
perftest_ib_write_bw,verbs,1048576,64,1000,,,,,92.57,4
bw_rdma_write,verbs,1048576,64,1000,,,,,90.762,5
perftest_ib_write_bw,verbs,1048576,64,1000,,,,,92.58,5
bw_rdma_write,verbs,65536,1,4096,,,,,59.273,1
perftest_ib_write_bw,verbs,65536,1,4096,,,,,59.42,1
bw_rdma_write,verbs,65536,1,4096,,,,,59.373,2
perftest_ib_write_bw,verbs,65536,1,4096,,,,,59.47,2
bw_rdma_write,verbs,65536,1,4096,,,,,59.321,3
perftest_ib_write_bw,verbs,65536,1,4096,,,,,59.49,3
bw_rdma_write,verbs,65536,1,4096,,,,,59.222,4
perftest_ib_write_bw,verbs,65536,1,4096,,,,,59.48,4
bw_rdma_write,verbs,65536,1,4096,,,,,59.124,5
perftest_ib_write_bw,verbs,65536,1,4096,,,,,59.14,5
bw_rdma_write,verbs,65536,2,4096,,,,,92.254,1
perftest_ib_write_bw,verbs,65536,2,4096,,,,,92.54,1
bw_rdma_write,verbs,65536,2,4096,,,,,92.062,2
perftest_ib_write_bw,verbs,65536,2,4096,,,,,92.54,2
bw_rdma_write,verbs,65536,2,4096,,,,,92.249,3
perftest_ib_write_bw,verbs,65536,2,4096,,,,,92.54,3
bw_rdma_write,verbs,65536,2,4096,,,,,92.102,4
perftest_ib_write_bw,verbs,65536,2,4096,,,,,92.50,4
bw_rdma_write,verbs,65536,2,4096,,,,,92.531,5
perftest_ib_write_bw,verbs,65536,2,4096,,,,,92.54,5
bw_rdma_write,verbs,65536,4,4096,,,,,92.450,1
perftest_ib_write_bw,verbs,65536,4,4096,,,,,92.54,1
bw_rdma_write,verbs,65536,4,4096,,,,,92.318,2
perftest_ib_write_bw,verbs,65536,4,4096,,,,,92.49,2
bw_rdma_write,verbs,65536,4,4096,,,,,92.202,3
perftest_ib_write_bw,verbs,65536,4,4096,,,,,92.54,3
bw_rdma_write,verbs,65536,4,4096,,,,,92.347,4
perftest_ib_write_bw,verbs,65536,4,4096,,,,,92.54,4
bw_rdma_write,verbs,65536,4,4096,,,,,92.286,5
perftest_ib_write_bw,verbs,65536,4,4096,,,,,92.54,5
bw_rdma_write,verbs,65536,8,4096,,,,,92.407,1
perftest_ib_write_bw,verbs,65536,8,4096,,,,,92.52,1
bw_rdma_write,verbs,65536,8,4096,,,,,92.408,2
perftest_ib_write_bw,verbs,65536,8,4096,,,,,92.54,2
bw_rdma_write,verbs,65536,8,4096,,,,,92.250,3
perftest_ib_write_bw,verbs,65536,8,4096,,,,,92.54,3
bw_rdma_write,verbs,65536,8,4096,,,,,92.094,4
perftest_ib_write_bw,verbs,65536,8,4096,,,,,92.54,4
bw_rdma_write,verbs,65536,8,4096,,,,,92.202,5
perftest_ib_write_bw,verbs,65536,8,4096,,,,,92.48,5
bw_rdma_write,verbs,65536,16,4096,,,,,92.133,1
perftest_ib_write_bw,verbs,65536,16,4096,,,,,92.54,1
bw_rdma_write,verbs,65536,16,4096,,,,,92.108,2
perftest_ib_write_bw,verbs,65536,16,4096,,,,,92.54,2
bw_rdma_write,verbs,65536,16,4096,,,,,92.028,3
perftest_ib_write_bw,verbs,65536,16,4096,,,,,92.54,3
bw_rdma_write,verbs,65536,16,4096,,,,,92.007,4
perftest_ib_write_bw,verbs,65536,16,4096,,,,,92.54,4
bw_rdma_write,verbs,65536,16,4096,,,,,92.025,5
perftest_ib_write_bw,verbs,65536,16,4096,,,,,92.54,5
bw_rdma_write,verbs,65536,32,4096,,,,,91.834,1
perftest_ib_write_bw,verbs,65536,32,4096,,,,,92.51,1
bw_rdma_write,verbs,65536,32,4096,,,,,92.106,2
perftest_ib_write_bw,verbs,65536,32,4096,,,,,92.54,2
bw_rdma_write,verbs,65536,32,4096,,,,,91.917,3
perftest_ib_write_bw,verbs,65536,32,4096,,,,,92.54,3
bw_rdma_write,verbs,65536,32,4096,,,,,91.913,4
perftest_ib_write_bw,verbs,65536,32,4096,,,,,92.54,4
bw_rdma_write,verbs,65536,32,4096,,,,,92.106,5
perftest_ib_write_bw,verbs,65536,32,4096,,,,,92.54,5
bw_rdma_write,verbs,65536,64,4096,,,,,92.086,1
perftest_ib_write_bw,verbs,65536,64,4096,,,,,92.54,1
bw_rdma_write,verbs,65536,64,4096,,,,,91.924,2
perftest_ib_write_bw,verbs,65536,64,4096,,,,,92.54,2
bw_rdma_write,verbs,65536,64,4096,,,,,91.861,3
perftest_ib_write_bw,verbs,65536,64,4096,,,,,92.54,3
bw_rdma_write,verbs,65536,64,4096,,,,,91.976,4
perftest_ib_write_bw,verbs,65536,64,4096,,,,,92.54,4
bw_rdma_write,verbs,65536,64,4096,,,,,91.897,5
perftest_ib_write_bw,verbs,65536,64,4096,,,,,92.51,5
lat_send_recv,cm,4096,64,1000,3.421,3.548,5.502,12.170,,1
lat_rdma_write,cm,4096,64,1000,3.449,3.520,3.573,7.482,,1
bw_rdma_write,cm,65536,16,4096,,,,,91.945,1
lat_send_recv,cm,4096,64,1000,3.477,3.549,5.493,17.311,,2
lat_rdma_write,cm,4096,64,1000,3.432,3.511,3.569,20.111,,2
bw_rdma_write,cm,65536,16,4096,,,,,92.027,2
lat_send_recv,cm,4096,64,1000,3.472,3.554,5.501,8.668,,3
lat_rdma_write,cm,4096,64,1000,3.465,3.529,3.578,6.892,,3
bw_rdma_write,cm,65536,16,4096,,,,,92.039,3
lat_send_recv,cm,4096,64,1000,3.469,3.551,5.485,18.907,,4
lat_rdma_write,cm,4096,64,1000,3.448,3.514,3.862,18.991,,4
bw_rdma_write,cm,65536,16,4096,,,,,91.881,4
lat_send_recv,cm,4096,64,1000,3.479,3.554,5.488,7.079,,5
lat_rdma_write,cm,4096,64,1000,3.458,3.523,3.570,18.467,,5
bw_rdma_write,cm,65536,16,4096,,,,,92.023,5
lat_send_recv,cm,4096,64,1000,3.461,3.546,5.494,18.292,,6
lat_rdma_write,cm,4096,64,1000,3.447,3.520,3.835,18.165,,6
bw_rdma_write,cm,65536,16,4096,,,,,91.940,6
lat_send_recv,cm,4096,64,1000,3.475,3.543,5.469,17.166,,7
lat_rdma_write,cm,4096,64,1000,3.466,3.527,3.577,7.626,,7
bw_rdma_write,cm,65536,16,4096,,,,,92.089,7
lat_send_recv,cm,4096,64,1000,3.458,3.544,5.481,18.825,,8
lat_rdma_write,cm,4096,64,1000,3.451,3.514,3.564,8.420,,8
bw_rdma_write,cm,65536,16,4096,,,,,92.174,8
lat_send_recv,cm,4096,64,1000,3.484,3.549,5.495,8.361,,9
lat_rdma_write,cm,4096,64,1000,3.461,3.529,3.581,8.035,,9
bw_rdma_write,cm,65536,16,4096,,,,,92.228,9
lat_send_recv,cm,4096,64,1000,3.466,3.545,5.474,6.913,,10
lat_rdma_write,cm,4096,64,1000,3.456,3.598,3.887,7.272,,10
bw_rdma_write,cm,65536,16,4096,,,,,92.037,10
lat_send_recv,verbs,4096,64,1000,3.470,3.544,5.483,20.992,,1
lat_rdma_write,verbs,4096,64,1000,3.453,3.529,3.599,17.019,,1
bw_rdma_write,verbs,65536,16,4096,,,,,92.076,1
lat_send_recv,verbs,4096,64,1000,3.463,3.549,5.489,7.307,,2
lat_rdma_write,verbs,4096,64,1000,3.452,3.514,3.579,17.489,,2
bw_rdma_write,verbs,65536,16,4096,,,,,92.050,2
lat_send_recv,verbs,4096,64,1000,3.477,3.547,5.502,7.227,,3
lat_rdma_write,verbs,4096,64,1000,3.452,3.538,3.618,6.993,,3
bw_rdma_write,verbs,65536,16,4096,,,,,92.086,3
lat_send_recv,verbs,4096,64,1000,3.463,3.546,5.485,8.692,,4
lat_rdma_write,verbs,4096,64,1000,3.469,3.518,3.608,8.588,,4
bw_rdma_write,verbs,65536,16,4096,,,,,92.098,4
lat_send_recv,verbs,4096,64,1000,3.462,3.542,5.504,16.854,,5
lat_rdma_write,verbs,4096,64,1000,3.453,3.525,3.603,7.495,,5
bw_rdma_write,verbs,65536,16,4096,,,,,92.114,5
lat_send_recv,verbs,4096,64,1000,3.472,3.547,5.478,18.323,,6
lat_rdma_write,verbs,4096,64,1000,3.459,3.527,3.601,17.397,,6
bw_rdma_write,verbs,65536,16,4096,,,,,92.041,6
lat_send_recv,verbs,4096,64,1000,3.476,3.548,5.501,7.560,,7
lat_rdma_write,verbs,4096,64,1000,3.462,3.529,3.614,8.047,,7
bw_rdma_write,verbs,65536,16,4096,,,,,92.035,7
lat_send_recv,verbs,4096,64,1000,3.466,3.546,5.494,8.803,,8
lat_rdma_write,verbs,4096,64,1000,3.452,3.526,3.621,16.559,,8
bw_rdma_write,verbs,65536,16,4096,,,,,92.096,8
lat_send_recv,verbs,4096,64,1000,3.465,3.548,5.480,8.886,,9
lat_rdma_write,verbs,4096,64,1000,3.469,3.529,3.619,16.132,,9
bw_rdma_write,verbs,65536,16,4096,,,,,92.033,9
lat_send_recv,verbs,4096,64,1000,3.488,3.552,5.510,8.381,,10
lat_rdma_write,verbs,4096,64,1000,3.476,3.527,3.610,19.037,,10
bw_rdma_write,verbs,65536,16,4096,,,,,91.966,10
